{"cameraMode":{"drawMode":0,"name":"Shaded","section":"Shading Mode"},"sceneLighting":true,"audioPlay":false,"sceneViewState":{"showFog":true,"showMaterialUpdate":false,"showSkybox":true,"showFlares":true,"showImageEffects":true,"showParticleSystems":true},"in2DMode":false,"pivot":{"x":2.559471368789673,"y":0.27715325355529787,"z":10.254858016967774},"rotation":{"x":0.3065352141857147,"y":-0.6475675106048584,"z":0.32027897238731387,"w":0.6197759509086609},"size":11.962272644042969,"orthographic":true}